Rating,Reviews,Company,Province
5,"JNE Gambiran merupakan kantor JNE pusat untuk wilayah Yogyakarta, bagi kalian yang ingin barang nya segera setelah mengecek resi paketan nya udah di Jogja, saranku sih langsung ke kantor JNE ini dengan membawa KTP/SIM dan mengisi form ‚Ä¶",JNE,DIY Yogyakarta
1,"Ini mau pengiriman besok itu sampai kapan? Gw liat dah di lokasi sortir dr tgl 7 jam 12 malem, sampe hari ini bahkan blm ada update. Terhitung sudah 36 jam. App nya jg masuk ke the worst UX I ever have. Ini ntah emg si kurir aja yang males, ‚Ä¶",JNE,DIY Yogyakarta
1,"Untuk pertama kalinya saya beri ulasan di maps, Paket saya harusnya sudah tiba tgl 03/01 tapi gagal kirim dengan alasan alamat tidak lengkap dan sampe skrng tgl 04/01 masih stuck blm ada percobaan kirim lagi. ‚Ä¶",JNE,DIY Yogyakarta
1,"Tertulis Pengiriman Buka Mulai jam 8.00
KATANYA
tapi sampe 8.30 petugasnya belum dateng, tanya ke satpam dijawab 'gak tau mbak'
ANEH PELAYANANNYA.",JNE,DIY Yogyakarta
1,"Pelayanannya buruk banget, paket saya gak dianter sampai saat ini udah 3hari, dengan alasan NO BODY AT HOME, I will tell you Courier, I always at home 24hours. Gajelas banget pelayanannya. Mohon evaluasi min",JNE,DIY Yogyakarta
1,"pengiriman lama dan tidak ada konfirmasi apapun dr pihak jne, paket sudah sampai di jogja dari senin tp gadikirim2 sampai hari kamis sore baru sampe, memberikan status pengiriman di shopee penerima menjadwalkan ulang padahal gaada ‚Ä¶",JNE,DIY Yogyakarta
1,"Mohon diperbaiki kinerja kurirnya, dijadwal tanggal 12 Januari 2025 barang akan dikirimkan tetapi tiba tiba direschedule ulang tanpa ada konfirmasi ke pembeli, setelah itu tanggal 13 Januari 2025 pukul 12.36 tiba tiba status barang sudah di ‚Ä¶",JNE,DIY Yogyakarta
1,"KALAU NGIRIM BARANG KESINI HINDARI YANG PAKAI KACAMATA (PETUGAS)

Atitude ‚Ä¶",JNE,DIY Yogyakarta
1,"Paket dari tgl 4 sampai sekarang engga di kirim kirim, ada aja alesannya, JNE MAKIN KESINI MAKIN JELEK PELAYANAN DAN KUALITAS, UDAH COBA CHAT TTP AJA DIANTAR BESOK TERUS JAWABANNYA, DI UPDATE JUGA GAMUTU MANA PEMBELI TIDAK DI RUMAH. MANA LAGI KECELAKAAN.",JNE,DIY Yogyakarta
1,"mantapp, berkali kali status ""nobody at home"", Padahal ada orang di rumah. Kurir ga menghubungi via nomer telepon tertera. Ditunggu sampe 5 hari dari status paket dibawa ke alamat sama kurir, tiba tiba paketnya malah dikembalikan ke pengirim. padahal paket penting.",JNE,DIY Yogyakarta
1,"Pesan barang sudah satu minggu blm sampai rmh padahal alamat lengkap maps juga ada,sudah sampai dekat rumah malah kembali ke pusat,dapat info dari produsen nilangnya cs menolak padahal barang sampai rumah aja belum maksudnya gmn ya apa ‚Ä¶",JNE,DIY Yogyakarta
1,"Tolong paket saya diantar. Udah 3 hari ga diantar¬≤ maksudnya gimana? Tinggal taruh di teras kan bisa, malah alasan penerima tidak di tempat. Ngapain anjrit, itu paket bukan COD. Tolong dongg, sabun muka saya abis dari kemarin nih. Masa cuci ‚Ä¶",JNE,DIY Yogyakarta
1,"Paket saya tidak cod tapi keterangan kurir saya tidak di rumah, padahal orang di rumah ada semua untuk pihak JNE tolong di benahi kurirnya, kalah sama pengiriman tiki, paxel, j&t, shopee express, giliran di jalan mobil logo JNE kek orang ‚Ä¶",JNE,DIY Yogyakarta
1,"Ngambil Paket Sendiri, Jam 17.00 Malah Istirahat Perusahaan Mana yang Sore2 Istirahat Hadeh. Agak Laen Emang. Ini juga Rating Tempat udah 3/5 begini belum mau Evaluasi Juga Nunggu Rating 1/5 atau gmn?",JNE,DIY Yogyakarta
1,"Laporan ke cs pusat hari kamis siang untuk jne jogja, tidak ada follow up nya. Hari jumat siang sudah laporan ke admin jogja sudah langsung di follow up. Sabtu siang dikirimkan, jam 7 malam hari ini 14 desember 2024 alasan tidak ada orang, ‚Ä¶",JNE,DIY Yogyakarta
1,kacau nih kurir alamat udah lengkap nomor sudah di lampirkan tapi entah kemana anternya kalo paket murah ya ta terlalu pusing kalo udah berjuta juta itu ya harus hati2 dong masa sampe nyasar nganternya sampe sekarang kantornya di hubungi ga ada respon gimana nih tutup aja lah,JNE,DIY Yogyakarta
1,kurirnya gokil kl mau kirim paket ke alamat wa tau tau dpt notif status pembeli tidak ada di alamat tujuan,JNE,DIY Yogyakarta
1,"buat pak kurir kalau gak niat kerja mending gausah kerja, ngrugiin perusahaan aja, pantes bintang 1 semua dengan alasan yg sama, hari pertama gak ada dirumah dan hari kedua alamat tidak lengkap. padahal hari pertama dan kedua saya ada ‚Ä¶",JNE,DIY Yogyakarta
1,Paket HARUSNYA udah diterima dari sebelum tanggal 5. Sampai saat ini udah telat 2 hari. Paket barang penting padahal. ‚Ä¶,JNE,DIY Yogyakarta
5,"Mantap pelayanannya, garcep, parkir luas, tempat strategis gampang di temuin. Terus keamanannya terjamin, soalnya ambil paket pake KTP beda sama jasa kirim sebelah, masak ambil paket gak pake tanda bukti apa"" selain resi.",JNE,DIY Yogyakarta
1,"halo ini dari tgl 7 paket saya sudah sampe jogja tapi info di lacak resi nya ""nobody at home"" sampe skrg. padahal saya standby trs di tempat. apa susahnya telfon ke nmor yang di berikan? jangan asal memberikan notifikasi bahwa penerima tidak berada di tempat.",JNE,DIY Yogyakarta
1,"Tukang paket terlalu ngejar setoran harian!!! Bukan nya sabar 10-15 menit, sok sibuk!!! Makanya klo ambil order semampunya, jgn ambil kebanyakan trs ngorbanin waktu konsumen. Emang harus 24jam standby di rmh!!!",JNE,DIY Yogyakarta
1,"parah banget
kurir kirim barang gak kontak ke nomor dulu
barang keburu dipakai , udah telp hari berikutnya untuk konfirmasi mau ambil ‚Ä¶",JNE,DIY Yogyakarta
1,"Jelek banget penanganannya, lama banget padahal udah mau dipakai, TOLONG DITINGKATKAN LAGI PELAYANANNYA. dianter ke alamat tujuan udah dari jam 11.00 sampai saya tulis ulasan ini barangnya belum ada!! Hati2 kalian kalo mau ngirim barang ‚Ä¶",JNE,DIY Yogyakarta
1,Paket cod kurirnya g sabar datang malam ketuk pintu keras2 tanpa ada suara paket dan mala langsung h pergi dibilang penerima menolak,JNE,DIY Yogyakarta
1,"Males banget ini kurirnya, dipaket ada alamat dan nomer hp loh bisa2nya keterangan alamat gak lengkap. Udah komplain, udah ngasih alamat dan nomor hp lagi, udah semingguan ketahan disini. Gak amanah blas.",JNE,DIY Yogyakarta
1,"tolong dong paketnya di anter .
dri tgl 15 cuma di bawa kurir muter2 ini bkm barang cod njir . kocak ya llu",JNE,DIY Yogyakarta
1,Ekspedisi cabang ini yang gajelas cuma kurir nya doang atau satu kantor cabang ini??? Saya tidak ada dihubungi dan saya ada di kosan tapi gaada tuh kurir yang menghubungi atau mendatangi!!! Kok di aplikasi ditulis penerima tidak ada di alamat? Tolong yang punya ekspedisi di cabang ini dicek lagi kinerja karyawan nya!!!,JNE,DIY Yogyakarta
1,"ga lagi-lagi pake jne. keterangan alamat tidak lengkap, dan baru ini kurir ada kendala ini. kalaupun terkendala kenapa tdk menghubungi? akhirnya ditunggu tuh sampe tanggal maksimal pengantaran statusnya tetap sama akan diantar ulang. ‚Ä¶",JNE,DIY Yogyakarta
1,"Min ini kok paket saya ngga nyampe, tapi tulisan di resinya saya udah terima ya???
Gimana ya maksudnya saya ngga terima barangnya sama sekali padahal tolong di bantu yaa",JNE,DIY Yogyakarta
1,"Kurir wa gak sopan. Gak sabar , ya kl saya tu pegang hp terus. Sudah di share lok malah maido knp harus share lok, gabisa baca maps gausah jdi kurir. Baru mau ketik alamat rumah nyosor teros wa ne. Komplain kemana ya ??",JNE,DIY Yogyakarta
5,"Pelayanan cepat, baik dan ramah, ternyata ada juga untuk pengiriman paket tidak hanya pengambilan paket. Dan tidak banyak antrian jadi lebih cepat dan mudah.",JNE,DIY Yogyakarta
1,"silakan dinilai sendiri:
pdhl ada orang di rumah, sayapun tidak pergi saat jam tsb, bahkan ada di teras rumah karna masih ada tamu berkunjung. tidak ada kurir paket yg datang, tp notif ‚Ä¶",JNE,DIY Yogyakarta
2,"dahlahhh, paketan buat acara, statusnya dianter, gaada chat masuk di WA, jadi gabisa komplain ke nomor kurir, anter jam 9 pagi, jam 10 malem status ""gaada orang dirumah"" padahal ada satpam, telat 2 hari, dahlahhh, dahlaaaaaahhh seraaaahhhhh",JNE,DIY Yogyakarta
1,"sumpah baru kali ini pengiriman lama 2 hari ga nyampe nyampe, kurir gaada konfirmasi tapi status pesanan katany pembeli tidak ada di kntor,padahal kantorku 24 jam!!!",JNE,DIY Yogyakarta
1,"status paket beberapa kali pengiriman oleh kurir gagal sampe 3x, dikembalikan dengan alsan pembeli tidak ada di alamat?? padahal saya sudah menunggu paketnya dan ada di lokasi. terlebih paket penting untuk dibawa ke luar kota kejar kejaran ‚Ä¶",JNE,DIY Yogyakarta
1,"No.yg tertera g bisa dihubungi
Hari ini harusnya paketku udah sampek. Tp kurir salah rumah katanya rumah kosong. Pdahal dialamat udah jelas bgt alamatnya. ‚Ä¶",JNE,DIY Yogyakarta
1,"mantapp, berkali kali status ""nobody at home"", Padahal ada orang di rumah. Kurir ga menghubungi via nomer telepon tertera.",JNE,DIY Yogyakarta
1,"Kurir nya gak dibekali smartphone apa ya, gak ngasih kabar, gak ngasih pemberitahuan pengantaran, harusnya paket dah nyampe, kepending dengan status TUTUP.masak kalah sama kurir shopee,, ngantar paket jam toko belum buka, ya jelas tutup lah, jaman canggih, modal wa aja gak bisa,, manajemennya tulung ditraining neh ki ...",JNE,DIY Yogyakarta
2,"Parah banget si JNE. Update pengirimannya gak jelas. Tertulis di aplikasi ijo jam 10 pagi udah sampe Warehouse Gambiran, sampe jam 5 sore juga blm ada Update an lagi. parahsihhh üëé Tolong diperbaiki lagi pelayanannya. ‚Ä¶",JNE,DIY Yogyakarta
2,Pelayanan nya JNE semakin lambat ya? Barang status diantar ke pelanggan dari jam 7 pagi.. sampai sore ini jam 16:30 belum ada informasi juga.. ga ada wa atau pemberitahuan ke pelanggan... ‚Ä¶,JNE,DIY Yogyakarta
1,"parah emang. barusan orderan saya beras premium 2kg. yg 1 kg pecah dan di ganti plastik tulisan jne..tp berasnya kotor , mungkin pecah di lantai... kn jadi kebuang 1 kg. hadeh",JNE,DIY Yogyakarta
1,"Kecewa dgn JNE Gambiran
Info cek resi barang sdh. Sampai di gudang tgl. 13 Okt'24 akan dikirim tgl. 14 okt. Tp sampai tgl. 17 Okt. Brg blm.sampai. stlh hubungi JNE Pusat brg. Blm ‚Ä¶",JNE,DIY Yogyakarta
1,"Kacau paket nyasar ke lain tempat.
Saya menilai kesalahan di sistem jne yg tidak lengkap (terpotong) dalam entry alamat customer. Dimana alamat customer di tokopedia itu sdh lengkap dan jelas ‚Ä¶",JNE,DIY Yogyakarta
1,"Kurir udah nanyain alamat malah gajadi dikirim dengan alasan pembeli gaada di alamat tujuan, padahal udah seharian nungguin dikos sampe malem, ini udah ke 2 kalinya gini gaada perubahan sama sekali",JNE,DIY Yogyakarta
1,"Bayar mahal"" pake pengantaran next day. Sampenya sama aja, sesuai rute dan antrian paket lain. Hadeh kapok"" üëé ‚Ä¶",JNE,DIY Yogyakarta
4,"CS kooperatif, ada pesanan dr Jkt, pakai YES harusnya hr Minggu sortir & bisa kirim. Senin pagi dtg info no.resi barang yg mau diambil sendiri, siang jam1an barang udah disiapin...  Semoga bisa ditangkatkan, kalo layanan YES, bisa ttp diprioritaskan meski hari Minggu .",JNE,DIY Yogyakarta
1,"Kurirnya niat kerja gak sih?
Udah sampai di kota tujuan 4 hari barang gak di kirim ke alamat tujuan",JNE,DIY Yogyakarta
1,"kalo ada rating minus, aku klik MINUS !
kirim semarang jogja 4 hari ga nyampe nyampe, aku kontak JNEnya juga ga ada kejelasan. status tracking DELIVERY PROBLEM terus, ga jelas problemnya apa.
perbaikin lagi deh, kasian yg pada kerjasama sama JNE, bisa kena komplain customer juga !!",JNE,DIY Yogyakarta
1,"mau ambil paket antri duluan malah dilayani paling belakang.üòÆ‚Äçüí®üëá

saran ya, petugasnya kalau ambil antrian form pengambilan paket, ambilnya kotak wadahnya itu dibalik biar form antrian yang di bawah (yang antri duluan) itu jadi urut di atas. ‚Ä¶",JNE,DIY Yogyakarta
1,paket sy dr tgl 23 okt smp detik ini ngga ada kejelasan. jelek bgt pelayanannya,JNE,DIY Yogyakarta
1,"Tidak amanah. Dikirim aja belum, seharian ada orang di rumah dan gak ada paket datang, bisa-bisanya di aplikasi ditulis penerima tidak ada di alamat. Bahkan hari berikutnya ditunggu belum datang, padahal buru-buru mau dipakai.",JNE,DIY Yogyakarta
1,Kontak yang tertera sudah saya hubungi 3 kali lebih tidak diangkat dan tidak ada respon sama sekali. alamat sudah tertera jelas tapi tidak di antar langsung ( dari JNE tertera alamat salah ) Pelayanan sangat kurang memuaskan,JNE,DIY Yogyakarta
1,"Pelayanan menyedihkan, mulai sekarang jangan pake JNE KAWAN KAWAN, biar di pecat satu kantor, guna nya wa costumer buat apa kok gak kau bales. Kalo ga ada costumer kalian bisa kerja apa. Makan apa keluarga kalianüëçüëçüëç ‚Ä¶",JNE,DIY Yogyakarta
2,"Hadeeh lamanyoo

Paket 1 minggu lebih nggak sampe"" ‚Ä¶",JNE,DIY Yogyakarta
1,"Ga jelas banget, udah sampe di kota tujuan tapi ga di anter sampe sekarang, KACAU!",JNE,DIY Yogyakarta
2,"Biasanya pesen online dianter j*t kebetulan ini pake JNE,,disclaimer kita pembeli bukan yg milih ekspedisi apa yak,,plis untuk driver kurir area Kotagede kalau udah dinote suruh taruh di tempat A ya taruh aja gak usah ketok/teriak ‚Ä¶",JNE,DIY Yogyakarta
1,"Kurirnya malas atau gimana ya? Menurut pelacakan, jam 5an pagi kurir sudah ditugaskan. Siang hari kurir kirim pesan minta shareloc. Enam menit kemudian saya jawab dan saya beri shareloc serta ancar-ancar alamat. Tapi jawaban saya tidak ‚Ä¶",JNE,DIY Yogyakarta
3,"Baru pertama beli di oren dan pakai expedisi jne cargo. Takut bgt ga sampai setelah baca review:( mana urgent lagi!
Dari tgl 17 juli dini hari sudah di gambiran dan diantar alamat tujuan. Sampai ‚Ä¶",JNE,DIY Yogyakarta
1,"Kurir gajelas, sudah ditunggu seharian tapi gaada kurir dateng, di cek di web tulisannya rumah/kantor kosong",JNE,DIY Yogyakarta
1,"fast response bgt customer service nya, pengiriman paket selalu telat berhari hari ü•≤ ‚Ä¶",JNE,DIY Yogyakarta
5,"Tidak hanya untuk pengambilan barang,csekarang sudah ada loket pengiriman barang. Loket pengiriman barang ber-AC jadi nyaman buat kirim barang.",JNE,DIY Yogyakarta
1,"WOYYY, PAKET BUKAN COD !!!
JANGAN ALESAN ORG GAK ADA DIRUMAH BLABLA!! BASI ‚Ä¶",JNE,DIY Yogyakarta
1,"Kurir WA gak di bales paket gak jadi dikirim wkwk lucu, padahal sudah ada Alamat lengkap, malu bertanya sesat dijalan",JNE,DIY Yogyakarta
1,"Beli barang di sopi pake jasa kirim JNEHH, KETERANGAN DI SOPINYA ( PAKET SEDANG DI ANTAR KURIR KE ALAMAT MU) ditunggu dari pagi smpe sore gak dateng, biasanya kalau di antar pasti kurir WA bakalan ada paket diantar, ini gak ada, akhirnya ‚Ä¶",JNE,DIY Yogyakarta
4,"mulai pengantaran di e-commerce tertera jam 8 pagi, tapi sampe sore belum sampe jadi inisiatif buat chat e-commerce nya aja. bener2 gak lama dari buat laporan ini ada yg chat minta shareloc (nyampenya jam 8 malem)",JNE,DIY Yogyakarta
1,"Ngambil paket disini tahun 2010 antri sampe 2 jam. Dan sekarang tahun 2024 harus ambil paket lagi, saya kira sudah berbenah ternyata sama aja. Antri sampe 2 jam lagi üòÅ. Konsisten sekali. ‚Ä¶",JNE,DIY Yogyakarta
1,"Tidak ada pembritahuan hari sabtu kok tutup jam 7.30 , saya  jauh jauh dari rumah mau ambil
Paket penting ‚Ä¶",JNE,DIY Yogyakarta
1,"Tiap kali belanja di e-commarce trs dpt ekspedisi jne tuh paling mualessss bgt. Kurir gak pernah ada pemberitahuan via wa atau apapun sama sekali utk pengantarannya, giliran kita pergi kurir baru ngasih kabar kalo udah didepan rumah. Ke ‚Ä¶",JNE,DIY Yogyakarta
1,"barang sudah dibawa kurir dari jam 03.40 subuh, tapi sampai malam barang belum sampai. nanya cs nya pun tidak ada solving.",JNE,DIY Yogyakarta
1,"paket sudah 2 hari dibawa kurir tapi dateng pas di hari ke 3, total pengiriman dari tangerang 6 hari. bener bener deh",JNE,DIY Yogyakarta
1,barangnya dicuri sama JNE. katanya bilang sudah diterima ke alamat tapi gak ada sampe detik ini. JNE penipu,JNE,DIY Yogyakarta
1,"JNE YES katanya 1 hari sampai kok 3 hari masih belum muncul pake saya, status dibawa kurir aja terus 2 hari",JNE,DIY Yogyakarta
1,"Dulu pake JNE gak pernah ada masalah. Baru kali ini pake JNE lagi bener bener bikin emosi. Barang dikirim tgl 9 Juli jam 4 sore, sampe Jogja besoknya tgl 10 Juli jam 3 sore. Seharusnya tgl 11 Juli barang sdh diantar ke alamat penerima. Cek ‚Ä¶",JNE,DIY Yogyakarta
1,"Mulai hari Minggu minta serlok rumah saya tak krim serlok nya, tpi sampai skrg paket nya blum sampai itu paket nya mau di penting üòáüòá. Gmn sih pekerja"" JNE in tak ada konsisten ny bekerja, membuat nma JNE buruk ajaüòáüòáüòá ‚Ä¶",JNE,DIY Yogyakarta
5,"Tempat pengiriman yang nyaman dan pelayanan yang cepat dan ramah oleh petugasnya, mantap pokoknya
Disini juga melayani pengambilan dan pengiriman paket juga,",JNE,DIY Yogyakarta
1,"Membatalkan sepihak, JNE yes biar sehari dateng,yg ada Malah 3 hari gak ada kabar tau¬≤ di retur sepihak, ngabarin / nelfon aja nggak, No telepon ada buat ditelfon",JNE,DIY Yogyakarta
5,Jne warehouse banguntapan alamatnya dmn ya min? Dlu pas ga ada warehouse banguntapan pengiriman paket cepet. Dr gambiran lgsg kerumah itu selang sehari doank. Skrg dr tgl 16 sept kok masih di warehouse banguntapan. üôàüôà ‚Ä¶,JNE,DIY Yogyakarta
1,"Ati2 barang berharga hilang gitu aja (entah sengaja atau tidak)
Pihak terkait terkesan sengaja tidak melakukan investigasi pencarian barang yang hilang dengan serius ‚Ä¶",JNE,DIY Yogyakarta
5,Petugas gak banyak ngomong langsung sat set ambil paket jam 8 kurang langsung dilayani dan gak berbelit2 tinggal isi form sertakan KTP 5menit selesai,JNE,DIY Yogyakarta
5,"Bisa ambil paket tapi harus sesuai jam waktu pengambilan, sy yg rumahnya jauh agak susah",JNE,DIY Yogyakarta
1,harusnya di antar hari ini tbtb di anter besok pengiriman di tunda pada jam 11 tadi,JNE,DIY Yogyakarta
1,"Heran saya sama jasa kirim yg satu ini, pengiriman super lelet. Saya pesan di shopee status barang 3 hari cuma barang akan dikirim hari ini, tapi kurir gak pernah nongol ke depan rumah buat anter barangnya. Kalau memang karyawan nya gak ‚Ä¶",JNE,DIY Yogyakarta
1,maaf saya tidak mencoba memahami sistem kerja kalian yg buruk yah semua orang ingin kerja seenaknya dan enak. yang salah cuma kami yang mempercayakan jasa pengiriman kalian. harusnya kami mempercayakan pada tuhan dan ke diri sendiri kalo semua itu hanyalah dinamika kehidupan. alias a** cape bgt kehidupan ini yatuhan,JNE,DIY Yogyakarta
1,"Kiriman sangat lambat, barang cuman dibawa muter2 kurir sudah dua hari belum juga sampai",JNE,DIY Yogyakarta
1,"Membatalkan sepihak,
Fungsi nomor hp ki go nopo tee lont,  iso isone paketku di batalke alesane penerima tidak ada di tempat, mangsamu aku keong uamahe tak gowo nengndi ndi",JNE,DIY Yogyakarta
1,"ternyata emang beneran parah ini ... paket dah 2 hari sampai wilayah jogja,, tapi masih belum sampai ... bobrok bobrokkkkk",JNE,DIY Yogyakarta
1,Paket Datang setengahnya aj dan hanya disuruh menunggu dan menunggu tanpa kejelasan komplain suruh nunggu 6 hari dan di hari ketuju tidak ada pemberitahuan lagi dan harus komplain lgi disuruh nunggu 6hari lagi ‚Ä¶,JNE,DIY Yogyakarta
1,"paket tertahan digudang 3 hari lebih, update terakhir ""kurir tidak membawa paketnya""ü§°ü´µüèª ‚Ä¶",JNE,DIY Yogyakarta
1,Kurir nya gimana di resi udah tertera kok ga ngehubungin atau bilang ke penghuni kost yang lain gajelas wkwk,JNE,DIY Yogyakarta
5,"JNE Gambiran Yogyakarta merupakan kantor JNE pusat untuk wilayah Yogyakarta, bagi agan dan sista yang pengen barang nya segera setelah mengecek resi paketan nya udah di Jogja, mending langsung ke kantor JNE ini dengan membawa KTP/SIM dan ‚Ä¶",JNE,DIY Yogyakarta
5,"Tempat pengambilan paket. Dan ada juga tempat pengiriman mantap pelayanan memuaskan
Sukses selalu buat JNE",JNE,DIY Yogyakarta
1,"Kirim paket sama2 jogja sudah 3hr 2mlm g sampai2.üòÖ
Paketnya suka nginep kenama2. üòÖ ‚Ä¶",JNE,DIY Yogyakarta
1,"Status barang AU AU terus. Kapan diantarnya? udah dibelain diem dirumah biar bisa nerima paket, malah nggak jelas. Cabang terburuk.",JNE,DIY Yogyakarta
1,"KAPOK SUPER KAPOK, UDAH GAMAU LAGI PAKE JNE. RIBET, LEWAT DARI PERKIRAAN ESTIMASI. MAU DIAMBIL KE GUDANG JUGA SUPER DUPER RIBET, MOSOK UDAH 6 HR GA SAMPE2, WAKTU ITU JUGA PERNAH PACKING PAKET SAYA RUSAK DAN BARANG HILANG 1 ‚Ä¶",JNE,DIY Yogyakarta
1,"kurir nya nggak tau sopan santun, barang ketinggalan nggak ada tanggung jawabnya",JNE,DIY Yogyakarta
1,"Niat Hati Mau Cepat Pake YES Sehari Sampe, eh Malah gak ada Sampe,, Jelek Banget pelayanannya",JNE,DIY Yogyakarta
1,"Paket mau diambil bilang oke oke aja. stelah sampai gudang udah tutup. Mbok dikasih tau tutup jam brpa kek. Satpam juga cuek, gag ada  solusi.",JNE,DIY Yogyakarta
1,"Barang udah sampai jogja dari hari minggu subuh jam 3:46 WIB, tapi sampe minggu sore jam 16:41 ga segera diantar, cuma stuck di gambiran terus. Ini jasa kirim niat ga sih kerjanya? Tiap order lewat marketplace kalo pake JNE selalu lama, ga pernah cepet kaya J&T, siCepat, SPX dll. Bobrok ni JNE",JNE,DIY Yogyakarta
5,Pelayanan memuaskan,JNE,DIY Yogyakarta
1,"Paket dari klaten ke jogja , next day sampai . Tidak sesuai realita ,

Saran saja , jika dirasa kurang SDM nya . Lebih baik menambah SDM , jadi tidak membebani SDM yg sudah ada .",JNE,DIY Yogyakarta
1,"kurirnya lama, barang 2 hri statusnya cuma dalan pengantaran terus !",JNE,DIY Yogyakarta
1,"Males bgt klo dapat nya JNE klo pas blanja online, andai aja bisa pilih gkan pilih JNE.. LELEET
Udh smpe kota tujuan tpi g di kirim2 ke alamaatt, hadehhh...",JNE,DIY Yogyakarta
1,"kurir pea, barang udh nyampe jogja dr pagi. sampe malem ga dianter2 ke alamat. pdhl udh pake jasa yg yes alias 1 hari, kocak jne",JNE,DIY Yogyakarta
1,"Tolong diganti kurir"" pemalas.. kasian kurir lainnya yg mau kerja, oknum"" seperti itu harus di bersihkan",JNE,DIY Yogyakarta
5,tiap minggu kesini pelayanan selalu memuaskanü´∂üèª ‚Ä¶,JNE,DIY Yogyakarta
1,"Paket disini 4 hari, dikirim di luar jam kantor ya iya lah tutup. labelnya udah dikasih label kantor",JNE,DIY Yogyakarta
1,Parah banget sudah 2 kali lama pengirimannya. Barang sudah sampai di whrehouse tapi stuck ga bergerak 2 hari. Parah banget sih ini JNE.,JNE,DIY Yogyakarta
1,"Sudah telp dr pagi mau pick up kiriman karena urgent, katanya suruh nuggu konfirmasi 2 sampe 3 jam. Ga ad info apa apa langsung saya datengim, ternyata istirahat lama banget. Saya ngotot mau pick up karena status barang masih di gambiran. ‚Ä¶",JNE,DIY Yogyakarta
1,"Setiap paket APAPUN kalo masuk ke Jogja dan perantaranya ke warehouse ini, pasti LAMBAT BANGET. Misal, paket sampe subuh ke warehouse ini, tetep aja dikirim
ke alamat pembeli tu BESOKNYA. Dan itu terjadi berulang-ulang kali. Padahal bisa ‚Ä¶",JNE,DIY Yogyakarta
1,"Pengiriman lelet
Udah sampai mau di pickup sendiri ke sini pelayanannya lelet banget suruh nulis udah nulis kertasnya ngak di ambil yg paling bawah dulu
Hadehhhh kukut sue sue",JNE,DIY Yogyakarta
5,"Untuk kantor pusat, nya oke pelayanan cepat, tapi untuk kurir mohon maaf, kurang inisiatif.",JNE,DIY Yogyakarta
1,"Paket shopee saya hilang di warehouse ini. Dikirim tgl 28 Juni dari tasik, tgl 29 udh sampe jogja, sampe skrg blm ada kejelasan  dmn paket saya. Ga ada pertanggungjawaban juga, malah seenaknya nyuruh customer saya ajukan refund ke shopee, ‚Ä¶",JNE,DIY Yogyakarta
1,Kurir Anda untuk pengantaran Mujamuji Umbulharjo 12 Juli 2024 malas mencari alamat tujuan dan menaruh barang di alamat lain. Ini sudah dua kali dengan kurir yang sama. Lebih baik dipecat.,JNE,DIY Yogyakarta
1,"status barang sudah di kp gambiran malah dilemparkan disuruh ambil di gudang manding, udah ke gudang manding malah dibilang barangnya masih di kp gambiran.",JNE,DIY Yogyakarta
1,Barang saya salah alamat. Kok bisa ya salah kirim ke tempat orang lain,JNE,DIY Yogyakarta
1,"Katanya dikirim hr ini, trus katanya alamat tidak lengkap, kok tidak dihubungin atau gimana?, Udah 3 hari lalu sampai sekarang ga dikirim¬≤ malah dikembalikan ke penjual? Pantes rating segitu, nyesel bgt",JNE,DIY Yogyakarta
5,"Bukan pengalaman pertama kesini, dan selalu jadi langganan saya.. kurang tau jg knp banyak yg beri bintang 1, saya sndiri merasakan sangat banyak terbantu dg jne cargo biaya sgt terjangkau tinggal tunggu 2 hr kiriman sdh datang dr jakarta, ‚Ä¶",JNE,DIY Yogyakarta
1,Paket saya direturn diketerangan paket diantar kurir tapi katanya rumah kosong sama penerima tidak dikenal padahal rumah buka terus dan ga ada orang rumah yg merasa ada kurir dr JNE nganter paket bahkan ga ada kurir dari JNE yg menghubungi ‚Ä¶,JNE,DIY Yogyakarta
1,"Paket hilang karena lewat ekspedisi ini, padahal isinya dokumen penting. Paket diserahkan ke orang lain, tanpa menghubungi/konfirmasi ke saya terlebih dahulu. Padahal jelas jelas nomor saya tercantum disitu. Bad service JNE Warehouse Gambiran.",JNE,DIY Yogyakarta
1,"ekspedisi gajelas, gaada konfirmasi/chat dari kurir, main kirim aja dan akhirnya paket nyasar padahal isinya atm, pengirimanya lma hampir 1 bulan ga jalan di bantul terus skrg paket hilang gatau kemana, ditunggu tanggung jawabnya",JNE,DIY Yogyakarta
1,"Pelayanan Pengiriman Kargo Jelek, Barang Sudah di Warehouse tidak segera dikirim. Sudah jadi masalah lama tapi sampai sekarang tidak pernah coba diatasi.",JNE,DIY Yogyakarta
1,"Ga jelas, dibilang dah dikirim ga ada terus padahal udh dari siang ini di anter tapi ga sampe sampe di tanya dah di anter,tapi ga ada wes angel angel",JNE,DIY Yogyakarta
5,liat ulasan pd banyak masalah..m tp ini cpt kok smpenya lombok jogja pke regulr cmn 3 hari... good job,JNE,DIY Yogyakarta
1,Konfirmasi admin katanya bisa ambil smp sana gak bisa diambil padahal sudah bawa identitas asli. Gak singkron admin sm lapangan.,JNE,DIY Yogyakarta
1,"udah guys jangan pernh pake jne lgi, krknya kurirnya pada main epep semua pngiriman delay",JNE,DIY Yogyakarta
1,"Pelayanan lama sekali, paketan sudah sampai hari sebelumnya, harusnya bisa diambil segera tetapi barangnya tidak/belum segera ditemukan.
Petugas ketika ditanyakan jawabanya selalu kurang tahu.",JNE,DIY Yogyakarta
1,"Paket saya tertahan 4 hari disini, sampai skrg masih belum sampai.",JNE,DIY Yogyakarta
2,"Kek nya kalau pesen deket weekend ga bakal di kirim, next time pesen paket online ga lagi lagi make jne",JNE,DIY Yogyakarta
1,Barang harus nya sampe 2 hari ini belom juga sampe d tracking rumah kosong. Buat apa d kasih no hp kalo gak d konfirmasi sama penerima....,JNE,DIY Yogyakarta
1,Gilaaa paket ku ga nyampe nyampe ..expedisi paling males ..kapan nyampe nya paketku udah seminggu ...purwodadi jogja seminggu nyangsang di amerika dulu apa gimana ???,JNE,DIY Yogyakarta
1,Paket nyangkut 3 hari disini sampe sekarang belum ada pergerakan sama sekali,JNE,DIY Yogyakarta
1,"Mana paket saya,?
3 hari keterangan ""kurir ditugaskan dan pesanan akan segera diantar ke pembeli"" ‚Ä¶",JNE,DIY Yogyakarta
1,Bencii banget sama JNE. Sistem & kurirnya problematik bgt. Paket selalu telat. Harus lapor ke CS baru benar¬≤ diantar. Blacklist ekspedisi ini!,JNE,DIY Yogyakarta
5,Kirim sepeda murah meriah,JNE,DIY Yogyakarta
5,"Mantappp pelayanannya joss, pengembalian barang buka jam 8 tutup jam 8",JNE,DIY Yogyakarta
5,"Harus rewel dulu... baru teratasi
Terimakasih sudah merespon
atas keluhan nya ‚Ä¶",JNE,DIY Yogyakarta
5,"Pelayanan sangat baik. Tempat duduk antrian sangat banyak. Tersedia minuman di dalam showcase untuk dijual.
Untuk mengambil paket sendiri, letak gudang JNE Yogyakarta berada disini. ‚Ä¶",JNE,DIY Yogyakarta
1,Woii konthol tu kurir Lo pecat lah ngirim ke Jogja di shope paketnya tulisannya udah di terima tapi pembeli belom Nerima barangnya ini gmna sat bngstt,JNE,DIY Yogyakarta
1,Guna nya bikin layanan YES apaan kalo durasi pengiriman sama kayak REG?,JNE,DIY Yogyakarta
5,"Pelayanan bagus,. Pengambilan paket juga tidak ribet,. Top pokok e",JNE,DIY Yogyakarta
1,Paket saya barangnya lebih dari separuh di ambil oleh kurirnya...,JNE,DIY Yogyakarta
1,"Tiap paket mampir ke warehouse ini pasti lama. Yg katanya belom diupdate ke sistem statusnya, bilang kalo udh dibawa kurir tapi sampe besoknya masih belom sampe, besoknya ada kurir nanya alamat detil lagi tapi paket ttep ga sampe jg hari ‚Ä¶",JNE,DIY Yogyakarta
1,Udah kebiasaan jne dari malem kurir sudah ditugaskan mengantar paket tp ditunggu dr pagi sampai sore paket ga sampai sampai. Heran,JNE,DIY Yogyakarta
5,Tempat orang kirim barang. Bukan JNE Pusat di Jogja. Lokasi cukup luas. Parkir juga  cukup luas. Lantai 2 sering buat acara seminar.,JNE,DIY Yogyakarta
1,Paket 4 hari cman di gambiran gak nyampe* pdhl jrak cman 3-5KM mlah kyak dr surabaya,JNE,DIY Yogyakarta
1,"Mau ngambil paket ke sini karena urgen mau di bawa ke Jakarta, sama stafnya hrs bawa KTP asli si penerima,
Selang sejam kita bawa KTP asli soalnya mengejar jadwal kereta api, pas di ‚Ä¶",JNE,DIY Yogyakarta
5,Pelayanan ramah mudah dan cepat terimakasih JNE,JNE,DIY Yogyakarta
1,"selalu terjadi seperti ini lagi, setiap saya order pesanan online menggunakan kargo jne itu pasti terlambat berhari hari, pernah paket saya telat 1 minggu dan chat cs tanggapan sangat lelet, untuk kurir minta sharelock saya kasih dan saya ‚Ä¶",JNE,DIY Yogyakarta
1,"Kurir udah nge-wa mau ngirim paket, udah dibalas dgn share lokasi dan ancer2 scr rinci. Status paket tiba2 dibalikin ke penjual dgn alasan pembeli ga ada di alamat tujuan. Pdhl di rmh ada org krn hari minggu.
Jasa kirim macam apa ini, Cuy.",JNE,DIY Yogyakarta
4,Seminggu sekali di tempat ini ada acara rutin pekanan serikat saudagar nusantara yang menghadirkan pembicara2 di bidangnya. Tempat ini mudah dicari karena terletak di tepi jalan raya.,JNE,DIY Yogyakarta
1,"Pelayanan dan pengiriman sangat Buruk sekali.
Cukup sekali pakai Jasa JNE",JNE,DIY Yogyakarta
1,"Kurirnya malas banget apa gimana sihh. Paket dari kemaren gak di anter2.
Mau ngambil jauh banget punya anak bayi juga, suami kerja pulangnya malem, di chat cuman di read doang tidak di balas sama sekali. ‚Ä¶",JNE,DIY Yogyakarta
1,"Terrible service!
Status paket sedang diantar kurir di jam 6.37 pagi, sampe jam 5 sore belum sampai juga. ‚Ä¶",JNE,DIY Yogyakarta
1,"Jne oh JNE paket sudah telat ,, customer service ditelpon mau diambil digudang bisa, tapi sampe gudang malah bilang paket sudah dibawa kurir,,",JNE,DIY Yogyakarta
1,"Apakah ada yang tau nomer cs nya?
Paket blm sampai tapi saya tracking kok status diterima üò≠üôèüèª ‚Ä¶",JNE,DIY Yogyakarta
1,"ini gimana sebnarnya?udah 2 kali begini,sekarang yang terakhir status di bilang alamat gak jelas.sebenrnya niatjadi jasa antar gk JNE?kalau gk bubarin aja,kasian yg pakai jasa ini lho.",JNE,DIY Yogyakarta
1,"Dah pokoknya kalo mampir jne gambiran ga usah berharap hari itu juga dianter ke lokasi, yg ada 3-4 hari bru dianter, chat kurir yg ada debat doang, jd klo sekiranya paket penting dan urgent sekiranya bakal mampir warehouse ini mending ganti pake jasa kirim lainnya.",JNE,DIY Yogyakarta
1,"Ortu saya membuat debit card Blu dan dikirim oleh JNE Gambiran ini, tiba-tiba statusnya sudah diterima. Namun yang menerima BUKAN KELUARGA SAYA DAN BUKAN RUMAH SAYA. BENAR BENAR RUMAH ORANG LAIN DAN TERTERA NAMA ORANG LAIN YANG MENERIMA. ‚Ä¶",JNE,DIY Yogyakarta
2,"Kurir tidak mau mengantar ke alamat tujuan, padahal alamat sudah lengkap. Dikasih nomor telepon juga tapi tidak dibubungi, sangat mengecewakan",JNE,DIY Yogyakarta
1,ga banget jgn pake JNE JELEKKKKKKK GA WORTH IT,JNE,DIY Yogyakarta
1,"apa gunanya pesen next day kalau akhirnya kena hambat pas di kota sendiri??? pdhl uda satu wilayah, bahkan ga sampai 10 km ko bisa""nya gada sampe"" paketnya. mana urgent ini tlong yh. GUNANYA NEXT DAY APA YA TLONK??? UDA BAYAR MAHAL"" JUGA????",JNE,DIY Yogyakarta
1,"Sangat Kureng sekali, paket sudah di bawa kurir sejak tanggal 28 april tp tidak di kirim"" sampai tanggal 30 april, saat datang ke warehouse Gambiran ini, tau"" sudah tutup, masa jam 1 siang nggk ada pelayanan sih, tanya ke sekuriti juga ‚Ä¶",JNE,DIY Yogyakarta
1,Not recomended...kirim barang yes tdk sampe 1 hari..klo memang tidak sampe diawal harusnya tidak diterima..karna urgent.,JNE,DIY Yogyakarta
1,Sungguh ekspedisi paling ga bisa diajak kerjasama sepanjang sejarah ü§¶ü§¶ ‚Ä¶,JNE,DIY Yogyakarta
1,"Palayanan jelek, Sehari 2x kesini  mau ambil paket selalu nihil",JNE,DIY Yogyakarta
1,"kesel sih sama satpamnya. udah malem jam setengah 9an kesana mau drop paket, kebetulan bareng mas2 yg mau drop paket juga. sy nanya baik2 sama satpam kalau mau pengiriman gmn pak dan jawabnya ketus itu nanya masnya masnya udah tau abis itu ‚Ä¶",JNE,DIY Yogyakarta
1,"pelayanan kiriman JNE bosok, seharian dirumah buat nunggu paket malah dibilangnya rumah kosong...",JNE,DIY Yogyakarta
1,"mau proses paket dipersulit, kesalahan kurir kita yang direpotkan harus chat cs, pegawai yang jaga ditanyain jawabnya sambil maen hp, gaada attitude nya. ekspedisi mahal tapi pelayanan 0. perasaan ekspedisi pesaingnya murah pelayanannya baik2",JNE,DIY Yogyakarta
1,"Antrian pelayanan buruk. Sangat¬≤ lama.
Paket tidak kunjung dikirim berhari¬≤ dg alasan alamat tdk dikenal padahal sdh sangat jelas dan rinci.",JNE,DIY Yogyakarta
1,Barang belum diterima keterangan customer tidak mau menerima dan diretur ke penjual!! Ini bagaimana sudah konfirmasi kurir dan respon nya suruh datang ke kantor nya memang ga jelas sama sekali!!!!,JNE,DIY Yogyakarta
1,"Bikin Kapok Pake JNE
Kurir tdk telp ato WA tau2 dpt Notif gagal
Mana rmh yg dipoto kurir kita gak kenal lg
Ngacooo",JNE,DIY Yogyakarta
1,"Jls¬≤ di rumah ni statusnya palsu kali, kaga ada tuh dri tadi rumah madep jalan ada yg lewat tukang paket, bilangnya kaga ada org dirumah, g jls. kgk bisa nganter mah tutup aja ni jne pesaing lain lebih worth üëéüèº ‚Ä¶",JNE,DIY Yogyakarta
2,"Ke sini sore-sore mau ambil barang tapi udah tutup. Kata pak satpamnya suruh diambil besok paginya. Besok paginya berhubung hari libur katanya bisa buka pagi jam 7. Pas besoknya dateng jam 6.30, kata pak satpam yang lain hari libur bukanya jam 8. Jadi harus nunggu 1.5 jam ü•¥ ‚Ä¶",JNE,DIY Yogyakarta
1,"Paket saya ga sampe sampe dari tgl 30 Januari sampe tgl 3 padahal make yang yes
Alasannya alamat ga lengkap padahal udah kecantum lengkap, misal gatau search juga bisa ‚Ä¶",JNE,DIY Yogyakarta
1,"gajelas, gada hubungin, tibatiba status pesanan gagal di kirim ulang karena alamat tidak jelas, nyampe kesini enggak, nnge chat wa enggak, telfon enggak aneh lu,",JNE,DIY Yogyakarta
1,"Paket dah sampai di jne terdekat malah dibawa ke gambiran lagi, abistu delivery with kurir tapi 2 hari ga sampai sampai. semoga cepat bangkrut jne",JNE,DIY Yogyakarta
1,"paket dalam perjalanan dari kemrin bilanh nya gak ada di rmh padahal jelas di kasih keterangan di antar di toko kerjaan , gak ada kejelasan apa apa",JNE,DIY Yogyakarta
1,Saya pake jasa pengiriman YES biar barang cepat sampai kok udah 2 hari ga di anter ke alamat saya.,JNE,DIY Yogyakarta
5,Baca komen udah kawatir gak terkirim hari ini akirnya mau memutuskan ambil ditempat eh waktu mau jalan paketnya datang ü§£ ‚Ä¶,JNE,DIY Yogyakarta
1,"Jika mengalami kesulitan, silahkan langsung chat ke nomor penerima paket. Sudah 2 hari, statusnya diantar kurir, tapi mau sampai. Kurir itu tersesat, dia membawanya berkeliling pegunungan selatan. Saya tidak sendirian. Paket itu untuk masalahnya. Beli di toko fisik",JNE,DIY Yogyakarta
1,"Nyaman buat kurirnya.. Iya, cuma yang ini. Jika ingin membawanya, jangan diangkat. Rasanya seperti membawa banyak barang di kronjot, tapi itu butuh waktu. Kami sering bolak-balik. Kalau terlalu banyak, bukan 1 bintang.",JNE,DIY Yogyakarta
1,"Sangat buruk, dan tidak bertanggung jawab",JNE,DIY Yogyakarta
3,Daripada nunggu lama mending ambil di gudang sini,JNE,DIY Yogyakarta
5,"Pelayanan fast respon, tidak perlu menunggu terlalu lama",JNE,DIY Yogyakarta
1,Pelayannya tidak pandai dalam pekerjaannya,JNE,DIY Yogyakarta
5,Pelayanan bagus. Buka pada hari Minggu,JNE,DIY Yogyakarta
5,Dapatkan barang-barangmu. Digeledah oleh petugas sat set,JNE,DIY Yogyakarta
4,Di sinilah paket Anda perlu diambil daripada menunggu lama jika sudah terkirim. Jangan lupa membawa KTP/SIM.,JNE,DIY Yogyakarta
4,"Pelayanan cukup cepat. Karena merupakan pintu gerbang kurir JNE, tempat ini menawarkan kenyamanan yang terbatas selain bangku panjang dan toilet. Anda dapat memilih JNE untuk mengantarkan ke rumah Anda yang nyaman, kecuali Anda tidak dapat menunggu lama atau mempunyai masalah dengan sprinter paket.",JNE,DIY Yogyakarta
5,"Datanglah sebelum jam 9.00 pagi untuk memastikan paket Anda ada di sana -- petugas pengantarnya berangkat tepat pukul 09.00. Pastikan untuk membawa dokumen identitas Anda (paspor, SIM, atau KTP).",JNE,DIY Yogyakarta
1,"Sumpah, pelayanannya arogan sekali. Bang.",JNE,DIY Yogyakarta
1,Hambok bangkrut. JANGAN MENYIKSA ORANG!!!!!!,JNE,DIY Yogyakarta
5,Mantap mantap mantap peelayaan raamaahh sekaliiii maantappp good seerviiceee pookoonyaa juuuooseeee aseeekk pookoonyaaa mantaaapp maaaanntaaaappp,JNE,DIY Yogyakarta
4,"Petugas depan tidak terlalu ramah (berdasarkan pengalaman pribadi saya, meskipun tidak ada hubungannya dengan orang lain) tetapi semuanya baik-baik saja :)",JNE,DIY Yogyakarta
5,Jos dll,JNE,DIY Yogyakarta
1,Respon lambat,JNE,DIY Yogyakarta
1,Petugasnya kurang ramah,JNE,DIY Yogyakarta
2,Senang mendengar bahwa rumah itu kosong ketika saya di rumah,JNE,DIY Yogyakarta
5,Terlalu jauh,JNE,DIY Yogyakarta
5,Baik untuk mengambil paket Anda tanpa menunggu jasa pengiriman kurir,JNE,DIY Yogyakarta
5,Ini biasanya ketika Anda ingin membawa barang ke sini,JNE,DIY Yogyakarta
1,Paket saya belum sampai pak... Tolong,JNE,DIY Yogyakarta
5,Staf yang membantu. Dan selalu berusaha melakukan yang terbaik untuk menemukan barang-barang saya dan membuatnya lebih cepat.,JNE,DIY Yogyakarta
2,Tidak ada kurir,JNE,DIY Yogyakarta
5,"Kargo JNE, murah, pengiriman cepat",JNE,DIY Yogyakarta
5,Barang sudah sampai dengan selamat... akan kami jual lagi,JNE,DIY Yogyakarta
4,Terkadang waktu pelayanan agak terlambat. Tapi ini bagus sekali.,JNE,DIY Yogyakarta
4,"Ruang tunggu memadai, staf baik, tetapi tempat parkir kurang.",JNE,DIY Yogyakarta
3,"Kalau sudah jam 8 malam, malah sepi.",JNE,DIY Yogyakarta
5,Layanan penjemputan cepat,JNE,DIY Yogyakarta
3,Mmmm kadang pelayanannya lumayan lama üôè ‚Ä¶,JNE,DIY Yogyakarta
5,Anda dapat mengambil paket Anda di sini jika Anda membutuhkannya dengan cepat,JNE,DIY Yogyakarta
5,ga masuk,JNE,DIY Yogyakarta
5,"Oke, teguk.",JNE,DIY Yogyakarta
1,Layanan buruk,JNE,DIY Yogyakarta
5,"Bengkelnya besar dan bersih, dan pelayanannya bagus",JNE,DIY Yogyakarta
1,tidak membantu. layanan yang buruk. saya akan memberikan 0 bintang jika saya bisa..,JNE,DIY Yogyakarta
4,"Stafnya baik, tetapi kurangnya ruang tunggu dan tempat parkir",JNE,DIY Yogyakarta
5,Pelayanan bagus dan respon cepat setiap saat! Saya menyukainya,JNE,DIY Yogyakarta
5,Layanan fas bukan ambil paket,JNE,DIY Yogyakarta
5,"Buka mulai pukul 07.00, bantu ambil sendiri paketnya.",JNE,DIY Yogyakarta
3,Minusnya siapa yang kurang senyum üòß ‚Ä¶,JNE,DIY Yogyakarta
4,Tidak apa-apa,JNE,DIY Yogyakarta
4,"Tempat yang bermanfaat, tetapi membutuhkan lebih banyak dekorasi",JNE,DIY Yogyakarta
1,"YA, layanannya cepat",JNE,DIY Yogyakarta
5,Ambil posisi sebagai kurir noob,JNE,DIY Yogyakarta
5,No review found,JNE,DIY Yogyakarta
3,Antreenya rek..panjang betol,JNE,DIY Yogyakarta
5,"Mereka menyediakan parkir gratis untuk pelanggan, ini!",JNE,DIY Yogyakarta
5,Respon cepat,JNE,DIY Yogyakarta
4,Pelayanan yang baik... staf yang ramah,JNE,DIY Yogyakarta
3,"Oke, menurutku, cukup ketat",JNE,DIY Yogyakarta
1,Ini panas,JNE,DIY Yogyakarta
5,Pelayanan selalu baik dan cepat,JNE,DIY Yogyakarta
1,Layanan terburuk yang pernah ada,JNE,DIY Yogyakarta
2,tidak bagus,JNE,DIY Yogyakarta
1,Kesabaranku sudah habis :),JNE,DIY Yogyakarta
5,Karyawan yang rendah hati dan pelayanan yang baik,JNE,DIY Yogyakarta
5,Ambil sendiri barang untuk Tujuan Jogjakarta,JNE,DIY Yogyakarta
5,"Respon cepat, pelayanan prima",JNE,DIY Yogyakarta
4,Kerja bagus,JNE,DIY Yogyakarta
5,"Respon cepat, pelayanan prima",JNE,DIY Yogyakarta
5,kurir layanan terbaik,JNE,DIY Yogyakarta
5,Kerja bagus,JNE,DIY Yogyakarta
5,pelayanan yang baik,JNE,DIY Yogyakarta
3,Perlu liontin tambahan.,JNE,DIY Yogyakarta
5,Teruskan,JNE,DIY Yogyakarta
4,Ekspedisi langganan favorit,JNE,DIY Yogyakarta
4,Bagus...,JNE,DIY Yogyakarta
2,Staf respon sangat lambat,JNE,DIY Yogyakarta
4,Pekerjaan bagus,JNE,DIY Yogyakarta
1,Servernya lambat,JNE,DIY Yogyakarta
3,Oke,JNE,DIY Yogyakarta
5,Layanan bagus dan cepat,JNE,DIY Yogyakarta
4,No review found,JNE,DIY Yogyakarta
5,menyesap,JNE,DIY Yogyakarta
5,Ambil sesuatu,JNE,DIY Yogyakarta
5,mengambil sesuatu,JNE,DIY Yogyakarta
5,Kantor,JNE,DIY Yogyakarta
5,Layanan terbaik,JNE,DIY Yogyakarta
5,No review found,JNE,DIY Yogyakarta
5,Bagus,JNE,DIY Yogyakarta
3,OK aja,JNE,DIY Yogyakarta
5,nama baru,JNE,DIY Yogyakarta
5,Langkah Mang,JNE,DIY Yogyakarta
5,Jari,JNE,DIY Yogyakarta
5,‚ù§Ô∏è,JNE,DIY Yogyakarta
1,lambaat,JNE,DIY Yogyakarta
5,‚ù§Ô∏è,JNE,DIY Yogyakarta
1,menyebalkan sekali,JNE,DIY Yogyakarta
5,Jika,JNE,DIY Yogyakarta
5,Jozz,JNE,DIY Yogyakarta
3,menangis,JNE,DIY Yogyakarta
5,Jika,JNE,DIY Yogyakarta
3,Sikontol,JNE,DIY Yogyakarta
5,Siiiip,JNE,DIY Yogyakarta
5,Oke,JNE,DIY Yogyakarta
5,Pelayanan bagus.,JNE,DIY Yogyakarta
5,Dapatkan paketnya,JNE,DIY Yogyakarta
5,Rama2,JNE,DIY Yogyakarta
4,Oke,JNE,DIY Yogyakarta
5,Joss,JNE,DIY Yogyakarta
5,Bayaran,JNE,DIY Yogyakarta
4,Pelayanan oke,JNE,DIY Yogyakarta
3,Oke,JNE,DIY Yogyakarta
5,Dll,JNE,DIY Yogyakarta
5,Bagus,JNE,DIY Yogyakarta
5,Hmm,JNE,DIY Yogyakarta
5,Joss,JNE,DIY Yogyakarta
5,Oke,JNE,DIY Yogyakarta
5,Bagus,JNE,DIY Yogyakarta
5,pelayanan yang baik,JNE,DIY Yogyakarta
5,Atas,JNE,DIY Yogyakarta
3,Akses bagus,JNE,DIY Yogyakarta
5,Bagus,JNE,DIY Yogyakarta
5,Bagus,JNE,DIY Yogyakarta
5,Bagus,JNE,DIY Yogyakarta
5,Bagus,JNE,DIY Yogyakarta
1,Buruk,JNE,DIY Yogyakarta
3,Bagus,JNE,DIY Yogyakarta
4,pengiriman bagus,JNE,DIY Yogyakarta
4,Bagus,JNE,DIY Yogyakarta
5,Bagus,JNE,DIY Yogyakarta
5,Bagus,JNE,DIY Yogyakarta
5,Layanan unggulan,JNE,DIY Yogyakarta
5,Menyesap,JNE,DIY Yogyakarta
3,Maya,JNE,DIY Yogyakarta
4,Maya,JNE,DIY Yogyakarta
4,Layanan cepat,JNE,DIY Yogyakarta
5,Benar-benar,JNE,DIY Yogyakarta
5,Terima kasih.,JNE,DIY Yogyakarta
5,No review found,JNE,DIY Yogyakarta
1,No review found,JNE,DIY Yogyakarta
5,No review found,JNE,DIY Yogyakarta
1,No review found,JNE,DIY Yogyakarta
1,No review found,JNE,DIY Yogyakarta
5,No review found,JNE,DIY Yogyakarta
5,No review found,JNE,DIY Yogyakarta
4,No review found,JNE,DIY Yogyakarta
5,No review found,JNE,DIY Yogyakarta
1,No review found,JNE,DIY Yogyakarta
5,No review found,JNE,DIY Yogyakarta
5,No review found,JNE,DIY Yogyakarta
5,No review found,JNE,DIY Yogyakarta
1,No review found,JNE,DIY Yogyakarta
1,No review found,JNE,DIY Yogyakarta
4,No review found,JNE,DIY Yogyakarta
1,No review found,JNE,DIY Yogyakarta
3,No review found,JNE,DIY Yogyakarta
5,No review found,JNE,DIY Yogyakarta
1,No review found,JNE,DIY Yogyakarta
5,No review found,JNE,DIY Yogyakarta
5,No review found,JNE,DIY Yogyakarta
1,No review found,JNE,DIY Yogyakarta
1,No review found,JNE,DIY Yogyakarta
1,No review found,JNE,DIY Yogyakarta
5,No review found,JNE,DIY Yogyakarta
5,No review found,JNE,DIY Yogyakarta
5,No review found,JNE,DIY Yogyakarta
5,No review found,JNE,DIY Yogyakarta
3,No review found,JNE,DIY Yogyakarta
5,No review found,JNE,DIY Yogyakarta
5,No review found,JNE,DIY Yogyakarta
1,No review found,JNE,DIY Yogyakarta
5,No review found,JNE,DIY Yogyakarta
1,No review found,JNE,DIY Yogyakarta
5,No review found,JNE,DIY Yogyakarta
1,No review found,JNE,DIY Yogyakarta
5,No review found,JNE,DIY Yogyakarta
5,No review found,JNE,DIY Yogyakarta
2,No review found,JNE,DIY Yogyakarta
5,No review found,JNE,DIY Yogyakarta
3,No review found,JNE,DIY Yogyakarta
1,No review found,JNE,DIY Yogyakarta
1,No review found,JNE,DIY Yogyakarta
5,No review found,JNE,DIY Yogyakarta
3,No review found,JNE,DIY Yogyakarta
5,No review found,JNE,DIY Yogyakarta
4,No review found,JNE,DIY Yogyakarta
